﻿<?xml version="1.0" encoding="UTF-8"?>
<Settings>
  <Server Displays="2" Updated="04-08-2019 22:51">http://192.168.1.111:2009/meos</Server>
  <News Color="Blue/White">
  </News>
  <Display Name="1" Cols="2">
    <Col ColID="1" ColSize="50%" Content="Resultlist">D10, D12</Col>
    <Col ColID="2" ColSize="50%" Content="Resultlist">D18, D20, D21</Col>
  </Display>
  <Display Name="2" Cols="1">
    <Col ColID="1" ColSize="50%" Content="Startlist">Begynder, D10, D12</Col>
  </Display>
</Settings>